[{"id":"user-image-Artboard1copy21.png","publicUrl":"np://user.desktop.nicepage.com/Site_13510641/images/Artboard1copy21.png","size":69376,"hash":"cB0PchC5JnX55CTMagClo1Jr6bE=","fileName":"Artboard1copy21.png","name":"Artboard1copy21","width":1000,"height":501,"thumbnail":{"url":"np://user.desktop.nicepage.com/Site_13510641/images/thumbnails/Artboard1copy21.png","width":250,"height":125},"folderId":null,"usages":["385507730"]},{"id":"user-image-Artboard11.png","publicUrl":"np://user.desktop.nicepage.com/Site_13510641/images/Artboard11.png","size":143685,"hash":"YQs0cNPSELYGrCk+PHBoCSkTtqE=","fileName":"Artboard11.png","name":"Artboard11","width":1000,"height":501,"thumbnail":{"url":"np://user.desktop.nicepage.com/Site_13510641/images/thumbnails/Artboard11.png","width":250,"height":125},"folderId":null,"usages":["385507730"]},{"id":"user-image-Artboard1copy1.png","publicUrl":"np://user.desktop.nicepage.com/Site_13510641/images/Artboard1copy1.png","size":106031,"hash":"PeRxVuRTKJfWQunCP3GVdKdVcvA=","fileName":"Artboard1copy1.png","name":"Artboard1copy1","width":1000,"height":501,"thumbnail":{"url":"np://user.desktop.nicepage.com/Site_13510641/images/thumbnails/Artboard1copy1.png","width":250,"height":125},"folderId":null,"usages":["385507730"]},{"id":"user-image-pattern-wine-02.png","publicUrl":"np://user.desktop.nicepage.com/Site_13510641/images/pattern-wine-02.png","size":27660,"hash":"o7EREuXkL9Fy7qxHBTuYxmmKUcA=","fileName":"pattern-wine-02.png","name":"pattern-wine-02","width":1000,"height":500,"thumbnail":{"url":"np://user.desktop.nicepage.com/Site_13510641/images/thumbnails/pattern-wine-02.png","width":250,"height":125},"folderId":null,"usages":["385507730"]},{"id":"user-image-pattern-socks-01.png","publicUrl":"np://user.desktop.nicepage.com/Site_13510641/images/pattern-socks-01.png","size":66831,"hash":"iqCMUzxkzVO2PP2af9Gh4r1ydWU=","fileName":"pattern-socks-01.png","name":"pattern-socks-01","width":1000,"height":500,"thumbnail":{"url":"np://user.desktop.nicepage.com/Site_13510641/images/thumbnails/pattern-socks-01.png","width":250,"height":125},"folderId":null,"usages":["385507730"]},{"id":"user-image-pattern-ab-01.png","publicUrl":"np://user.desktop.nicepage.com/Site_13510641/images/pattern-ab-01.png","size":57673,"hash":"kpVD0BCtN0yy95iTQ6uZ6YSXges=","fileName":"pattern-ab-01.png","name":"pattern-ab-01","width":1000,"height":500,"thumbnail":{"url":"np://user.desktop.nicepage.com/Site_13510641/images/thumbnails/pattern-ab-01.png","width":250,"height":125},"folderId":null,"usages":["385507730"]},{"id":"user-image-pattern-dog-02.png","publicUrl":"np://user.desktop.nicepage.com/Site_13510641/images/pattern-dog-02.png","size":22528,"hash":"T8BXLJ6aUaPGNGOKS0lkx7af9wc=","fileName":"pattern-dog-02.png","name":"pattern-dog-02","width":1000,"height":500,"thumbnail":{"url":"np://user.desktop.nicepage.com/Site_13510641/images/thumbnails/pattern-dog-02.png","width":250,"height":125},"folderId":null,"usages":["385507730"]},{"id":"user-image-pattern-plant-01.png","publicUrl":"np://user.desktop.nicepage.com/Site_13510641/images/pattern-plant-01.png","size":34193,"hash":"5iTE6wJJRxEZt2LVh7FPvyH7AFE=","fileName":"pattern-plant-01.png","name":"pattern-plant-01","width":1000,"height":500,"thumbnail":{"url":"np://user.desktop.nicepage.com/Site_13510641/images/thumbnails/pattern-plant-01.png","width":250,"height":125},"folderId":null,"usages":["385507730"]},{"id":"user-image-pattern-cake-01.png","publicUrl":"np://user.desktop.nicepage.com/Site_13510641/images/pattern-cake-01.png","size":91187,"hash":"DyPGEwq7Vf4h1apgzC/ipTqhsS4=","fileName":"pattern-cake-01.png","name":"pattern-cake-01","width":1000,"height":500,"thumbnail":{"url":"np://user.desktop.nicepage.com/Site_13510641/images/thumbnails/pattern-cake-01.png","width":250,"height":125},"folderId":null,"usages":["385507730"]},{"id":"user-image-pattern-dog-03.png","publicUrl":"np://user.desktop.nicepage.com/Site_13510641/images/pattern-dog-03.png","size":40337,"hash":"OmCnJ+KOYmf1PnsTnq2601ec6I8=","fileName":"pattern-dog-03.png","name":"pattern-dog-03","width":1000,"height":500,"thumbnail":{"url":"np://user.desktop.nicepage.com/Site_13510641/images/thumbnails/pattern-dog-03.png","width":250,"height":125},"folderId":null,"usages":["385507730"]},{"id":"user-image-pattern-ab-02.png","publicUrl":"np://user.desktop.nicepage.com/Site_13510641/images/pattern-ab-02.png","size":87678,"hash":"93T1LJErSZ1MdhIGAoNS9ypNwQo=","fileName":"pattern-ab-02.png","name":"pattern-ab-02","width":1000,"height":500,"thumbnail":{"url":"np://user.desktop.nicepage.com/Site_13510641/images/thumbnails/pattern-ab-02.png","width":250,"height":125},"folderId":null,"usages":["385507730"]},{"id":"user-image-pattern-penguin-01.png","publicUrl":"np://user.desktop.nicepage.com/Site_13510641/images/pattern-penguin-01.png","size":58267,"hash":"s2fcB3LtVlNu/jZx/+xSRnpsnIQ=","fileName":"pattern-penguin-01.png","name":"pattern-penguin-01","width":1000,"height":500,"thumbnail":{"url":"np://user.desktop.nicepage.com/Site_13510641/images/thumbnails/pattern-penguin-01.png","width":250,"height":125},"folderId":null,"usages":["385507730"]},{"id":"user-image-pattern-tree-02.png","publicUrl":"np://user.desktop.nicepage.com/Site_13510641/images/pattern-tree-02.png","size":49067,"hash":"R2ULmgIikig1Mpv3K0Oc+GdDQ0A=","fileName":"pattern-tree-02.png","name":"pattern-tree-02","width":1000,"height":500,"thumbnail":{"url":"np://user.desktop.nicepage.com/Site_13510641/images/thumbnails/pattern-tree-02.png","width":250,"height":125},"folderId":null,"usages":["385507730"]},{"id":"user-image-pattern-oi-01.png","publicUrl":"np://user.desktop.nicepage.com/Site_13510641/images/pattern-oi-01.png","size":72517,"hash":"cred9g/WHMcEE92NpGagkz0fjzc=","fileName":"pattern-oi-01.png","name":"pattern-oi-01","width":1000,"height":500,"thumbnail":{"url":"np://user.desktop.nicepage.com/Site_13510641/images/thumbnails/pattern-oi-01.png","width":250,"height":125},"folderId":null,"usages":["385507730"]},{"id":"user-image-pattern-carrot-01.png","publicUrl":"np://user.desktop.nicepage.com/Site_13510641/images/pattern-carrot-01.png","size":227626,"hash":"6oB4KiRQu3UUeVRvorAejQusGdE=","fileName":"pattern-carrot-01.png","name":"pattern-carrot-01","width":1000,"height":500,"thumbnail":{"url":"np://user.desktop.nicepage.com/Site_13510641/images/thumbnails/pattern-carrot-01.png","width":250,"height":125},"folderId":null,"usages":["385507730"]},{"id":"user-image-pattern-wine-01.png","publicUrl":"np://user.desktop.nicepage.com/Site_13510641/images/pattern-wine-01.png","size":74358,"hash":"QXuPRGVzp1Y9US91lkXhU1UmBdA=","fileName":"pattern-wine-01.png","name":"pattern-wine-01","width":1000,"height":500,"thumbnail":{"url":"np://user.desktop.nicepage.com/Site_13510641/images/thumbnails/pattern-wine-01.png","width":250,"height":125},"folderId":null,"usages":["385507730"]},{"id":"user-image-dog-01.png","publicUrl":"np://user.desktop.nicepage.com/Site_13510641/images/dog-01.png","size":33503,"hash":"C9BajUNqcZzD4xnedrTLobWjLZQ=","fileName":"dog-01.png","name":"dog-01","width":1000,"height":500,"thumbnail":{"url":"np://user.desktop.nicepage.com/Site_13510641/images/thumbnails/dog-01.png","width":250,"height":125},"folderId":null,"usages":["385507730"]},{"id":"user-image-555.png","publicUrl":"np://user.desktop.nicepage.com/Site_13510641/images/555.png","size":37157,"hash":"UtJQUzl9v3LwA5hd5NV0zr9ayLs=","fileName":"555.png","name":"555","width":1000,"height":563,"thumbnail":{"url":"np://user.desktop.nicepage.com/Site_13510641/images/thumbnails/555.png","width":250,"height":141},"folderId":null,"usages":["385507730"]},{"id":"user-image-333.png","publicUrl":"np://user.desktop.nicepage.com/Site_13510641/images/333.png","size":19751,"hash":"mv3HK5GQdCQWO4MuihSrW2IOvz4=","fileName":"333.png","name":"333","width":1000,"height":563,"thumbnail":{"url":"np://user.desktop.nicepage.com/Site_13510641/images/thumbnails/333.png","width":250,"height":141},"folderId":null,"usages":["385507730"]},{"id":"user-image-222.png","publicUrl":"np://user.desktop.nicepage.com/Site_13510641/images/222.png","size":23003,"hash":"KzvPw3+nR8CDKGJSoALtrAy/cUY=","fileName":"222.png","name":"222","width":1000,"height":563,"thumbnail":{"url":"np://user.desktop.nicepage.com/Site_13510641/images/thumbnails/222.png","width":250,"height":141},"folderId":null,"usages":["385507730"]},{"id":"user-image-Artboard1.png","publicUrl":"np://user.desktop.nicepage.com/Site_13510641/images/Artboard1.png","size":64227,"hash":"WhwI06pjEWhU7yu8J0t8rBO93zI=","fileName":"Artboard1.png","name":"Artboard1","width":1000,"height":564,"thumbnail":{"url":"np://user.desktop.nicepage.com/Site_13510641/images/thumbnails/Artboard1.png","width":250,"height":141},"folderId":null,"usages":["385507730"]},{"id":"user-image-Artboard1copy6.png","publicUrl":"np://user.desktop.nicepage.com/Site_13510641/images/Artboard1copy6.png","size":85020,"hash":"zel6gU++LlhyGpGqJK3IgW/Bh/k=","fileName":"Artboard1copy6.png","name":"Artboard1copy6","width":1000,"height":563,"thumbnail":{"url":"np://user.desktop.nicepage.com/Site_13510641/images/thumbnails/Artboard1copy6.png","width":250,"height":141},"folderId":null,"usages":["385507730"]},{"id":"user-image-Artboard1copy3_1.png","publicUrl":"np://user.desktop.nicepage.com/Site_13510641/images/Artboard1copy3_1.png","size":37861,"hash":"HTh/TpYOOUFrCzkhFhWUeImDgSo=","fileName":"Artboard1copy3_1.png","name":"Artboard1copy3_1","width":1000,"height":563,"thumbnail":{"url":"np://user.desktop.nicepage.com/Site_13510641/images/thumbnails/Artboard1copy3_1.png","width":250,"height":141},"folderId":null,"usages":["385507730"]},{"id":"user-image-Artboard1copy5.png","publicUrl":"np://user.desktop.nicepage.com/Site_13510641/images/Artboard1copy5.png","size":128961,"hash":"7gKDxa7sPFmVvsLup28fv+1ErQQ=","fileName":"Artboard1copy5.png","name":"Artboard1copy5","width":1000,"height":563,"thumbnail":{"url":"np://user.desktop.nicepage.com/Site_13510641/images/thumbnails/Artboard1copy5.png","width":250,"height":141},"folderId":null,"usages":["385507730"]},{"id":"user-image-Artboard1copy4.png","publicUrl":"np://user.desktop.nicepage.com/Site_13510641/images/Artboard1copy4.png","size":156000,"hash":"RL9mPDsUkS4qoWnhP9XWK5ls3GE=","fileName":"Artboard1copy4.png","name":"Artboard1copy4","width":1000,"height":564,"thumbnail":{"url":"np://user.desktop.nicepage.com/Site_13510641/images/thumbnails/Artboard1copy4.png","width":250,"height":141},"folderId":null,"usages":["385507730"]},{"id":"user-image-Artboard1copy3.png","publicUrl":"np://user.desktop.nicepage.com/Site_13510641/images/Artboard1copy3.png","size":121862,"hash":"MKAASJlbFabkOqmDYx1o/jtOmMI=","fileName":"Artboard1copy3.png","name":"Artboard1copy3","width":1000,"height":564,"thumbnail":{"url":"np://user.desktop.nicepage.com/Site_13510641/images/thumbnails/Artboard1copy3.png","width":250,"height":141},"folderId":null,"usages":["385507730"]},{"id":"user-image-Artboard1copy2_1.png","publicUrl":"np://user.desktop.nicepage.com/Site_13510641/images/Artboard1copy2_1.png","size":70220,"hash":"qnVawIeX7hNxspKmyc6ud9SH2TA=","fileName":"Artboard1copy2_1.png","name":"Artboard1copy2_1","width":1000,"height":563,"thumbnail":{"url":"np://user.desktop.nicepage.com/Site_13510641/images/thumbnails/Artboard1copy2_1.png","width":250,"height":141},"folderId":null,"usages":["385507730"]},{"id":"user-image-img-espresso.png","publicUrl":"np://user.desktop.nicepage.com/Site_13510641/images/img-espresso.png","size":246297,"hash":"7c4JGPkDbD3pa2mwUlkVuiwHAJk=","fileName":"img-espresso.png","name":"img-espresso","width":1000,"height":910,"thumbnail":{"url":"np://user.desktop.nicepage.com/Site_13510641/images/thumbnails/img-espresso.png","width":250,"height":228},"folderId":null,"usages":["30767231"]},{"id":"user-image-carasoul-05.jpg","publicUrl":"np://user.desktop.nicepage.com/Site_13510641/images/carasoul-05.jpg","size":126428,"hash":"hqx9eRVBrX/RTZKYkHRwtYoe87I=","fileName":"carasoul-05.jpg","name":"carasoul-05","width":532,"height":483,"thumbnail":{"url":"np://user.desktop.nicepage.com/Site_13510641/images/thumbnails/carasoul-05.jpg","width":250,"height":227},"folderId":null,"usages":["30767231"]},{"id":"user-image-carasoul-06.jpg","publicUrl":"np://user.desktop.nicepage.com/Site_13510641/images/carasoul-06.jpg","size":151643,"hash":"RkyoXZOydBFG+6183t1FTyNjgGw=","fileName":"carasoul-06.jpg","name":"carasoul-06","width":532,"height":483,"thumbnail":{"url":"np://user.desktop.nicepage.com/Site_13510641/images/thumbnails/carasoul-06.jpg","width":250,"height":227},"folderId":null,"usages":["30767231"]},{"id":"user-image-carasoul-03.jpg","publicUrl":"np://user.desktop.nicepage.com/Site_13510641/images/carasoul-03.jpg","size":150175,"hash":"g+r6EmQJksoDX7i4duISy6sQt3s=","fileName":"carasoul-03.jpg","name":"carasoul-03","width":512,"height":468,"thumbnail":{"url":"np://user.desktop.nicepage.com/Site_13510641/images/thumbnails/carasoul-03.jpg","width":250,"height":229},"folderId":null,"usages":["30767231"]},{"id":"user-image-45106.png","publicUrl":"np://user.desktop.nicepage.com/Site_13510641/images/45106.png","size":2333,"hash":"oT95gGf0VWETsZrOKheMtf8gfXM=","fileName":"45106.png","name":"45106","width":128,"height":128,"thumbnail":{"url":"np://user.desktop.nicepage.com/Site_13510641/images/thumbnails/45106.png","width":128,"height":128,"length":2333,"type":"png"},"folderId":null,"usages":["385507730"]},{"id":"user-image-2175836.png","publicUrl":"np://user.desktop.nicepage.com/Site_13510641/images/2175836.png","size":1464,"hash":"wbOWzVbss2VnkzZu9MXchrAYx1I=","fileName":"2175836.png","name":"2175836","width":128,"height":128,"thumbnail":{"url":"np://user.desktop.nicepage.com/Site_13510641/images/thumbnails/2175836.png","width":128,"height":128,"length":1464,"type":"png"},"folderId":null,"usages":["385507730"]},{"id":"user-image-106020.png","publicUrl":"np://user.desktop.nicepage.com/Site_13510641/images/106020.png","size":1431,"hash":"nFlhQWsJKD2Bub0kzStSl2GMOWM=","fileName":"106020.png","name":"106020","width":128,"height":128,"thumbnail":{"url":"np://user.desktop.nicepage.com/Site_13510641/images/thumbnails/106020.png","width":128,"height":128,"length":1431,"type":"png"},"folderId":null,"usages":["385507730"]},{"id":"user-image-img-friday.png","publicUrl":"np://user.desktop.nicepage.com/Site_13510641/images/img-friday.png","size":289408,"hash":"q8qbw0fPn9/8wpciuUYbsbY8r+8=","fileName":"img-friday.png","name":"img-friday","width":1000,"height":1207,"thumbnail":{"url":"np://user.desktop.nicepage.com/Site_13510641/images/thumbnails/img-friday.png","width":207,"height":250},"folderId":null,"usages":["30767231"]},{"id":"user-image-img-good.png","publicUrl":"np://user.desktop.nicepage.com/Site_13510641/images/img-good.png","size":377316,"hash":"JXtu4xKul+ts+P+270wnwwkhjAM=","fileName":"img-good.png","name":"img-good","width":1000,"height":1207,"thumbnail":{"url":"np://user.desktop.nicepage.com/Site_13510641/images/thumbnails/img-good.png","width":207,"height":250},"folderId":null,"usages":["30767231"]},{"id":"user-image-img-christmas.png","publicUrl":"np://user.desktop.nicepage.com/Site_13510641/images/img-christmas.png","size":698950,"hash":"2i/r3OI2NAk68xeLz0c/AAvBa8o=","fileName":"img-christmas.png","name":"img-christmas","width":1000,"height":1207,"thumbnail":{"url":"np://user.desktop.nicepage.com/Site_13510641/images/thumbnails/img-christmas.png","width":207,"height":250},"folderId":null,"usages":["30767231"]},{"id":"user-image-img-mecat.png","publicUrl":"np://user.desktop.nicepage.com/Site_13510641/images/img-mecat.png","size":605765,"hash":"e6QumMICfu0ct755JUhUscwk6Dw=","fileName":"img-mecat.png","name":"img-mecat","width":1000,"height":1207,"thumbnail":{"url":"np://user.desktop.nicepage.com/Site_13510641/images/thumbnails/img-mecat.png","width":207,"height":250},"folderId":null,"usages":["30767231"]},{"id":"user-image-img-food.png","publicUrl":"np://user.desktop.nicepage.com/Site_13510641/images/img-food.png","size":320254,"hash":"j+D/rtwkj4BGb2GMI+fg8cVkvQY=","fileName":"img-food.png","name":"img-food","width":1000,"height":1207,"thumbnail":{"url":"np://user.desktop.nicepage.com/Site_13510641/images/thumbnails/img-food.png","width":207,"height":250},"folderId":null,"usages":["30767231"]},{"id":"user-image-img-namoo.png","publicUrl":"np://user.desktop.nicepage.com/Site_13510641/images/img-namoo.png","size":363129,"hash":"kdgPPkOaowjg+xZKP+N9Eh9sh4Q=","fileName":"img-namoo.png","name":"img-namoo","width":1000,"height":1207,"thumbnail":{"url":"np://user.desktop.nicepage.com/Site_13510641/images/thumbnails/img-namoo.png","width":207,"height":250},"folderId":null,"usages":["30767231"]},{"id":"user-image-img-into.png","publicUrl":"np://user.desktop.nicepage.com/Site_13510641/images/img-into.png","size":102734,"hash":"Ojljr45GiZTW1HrlBSf7V63truA=","fileName":"img-into.png","name":"img-into","width":1000,"height":1215,"thumbnail":{"url":"np://user.desktop.nicepage.com/Site_13510641/images/thumbnails/img-into.png","width":206,"height":250},"folderId":null,"usages":["30767231"]},{"id":"user-image-img-herring1.png","publicUrl":"np://user.desktop.nicepage.com/Site_13510641/images/img-herring1.png","size":519159,"hash":"YYzF7y9OYkIhRXFK9S4UPeJxoJg=","fileName":"img-herring1.png","name":"img-herring1","width":1000,"height":1215,"thumbnail":{"url":"np://user.desktop.nicepage.com/Site_13510641/images/thumbnails/img-herring1.png","width":206,"height":250},"folderId":null,"usages":["30767231"]},{"id":"user-image-img-cat.png","publicUrl":"np://user.desktop.nicepage.com/Site_13510641/images/img-cat.png","size":107611,"hash":"0LXqri4s9XgG3hvn7WMEdtPyLco=","fileName":"img-cat.png","name":"img-cat","width":689,"height":791,"thumbnail":{"url":"np://user.desktop.nicepage.com/Site_13510641/images/thumbnails/img-cat.png","width":218,"height":250},"folderId":null,"usages":["30767231"]},{"id":"user-image-img-autumn.png","publicUrl":"np://user.desktop.nicepage.com/Site_13510641/images/img-autumn.png","size":811623,"hash":"Owu/OYZHQNsKvt8KKXPSpwev6ek=","fileName":"img-autumn.png","name":"img-autumn","width":2091,"height":1882,"thumbnail":{"url":"np://user.desktop.nicepage.com/Site_13510641/images/thumbnails/img-autumn.png","width":250,"height":225},"folderId":null,"usages":["30767231"]},{"id":"user-image-ill-01.png","publicUrl":"np://user.desktop.nicepage.com/Site_13510641/images/ill-01.png","size":63438,"hash":"Jn+Zvs4pK6EEzw/HiE3PB603mtQ=","fileName":"ill-01.png","name":"ill-01","width":677,"height":704,"thumbnail":{"url":"np://user.desktop.nicepage.com/Site_13510641/images/thumbnails/ill-01.png","width":240,"height":250},"folderId":null,"usages":["30767231"]},{"id":"user-image-img-contact.png","publicUrl":"np://user.desktop.nicepage.com/Site_13510641/images/img-contact.png","size":226344,"hash":"0xR2D6qV+dKv4LyNlZf4DJAUZuI=","fileName":"img-contact.png","name":"img-contact","width":1140,"height":512,"thumbnail":{"url":"np://user.desktop.nicepage.com/Site_13510641/images/thumbnails/img-contact.png","width":250,"height":112},"folderId":null,"usages":["84850308"]},{"id":"user-image-i-003.png","publicUrl":"np://user.desktop.nicepage.com/Site_13510641/images/i-003.png","size":997724,"hash":"S2AvIFHM+7Ocdcg8PsqITDtmK7A=","fileName":"i-003.png","name":"i-003","width":1280,"height":1024,"thumbnail":{"url":"np://user.desktop.nicepage.com/Site_13510641/images/thumbnails/i-003.png","width":250,"height":200},"folderId":null,"usages":["1736419878"]},{"id":"user-image-149642.png","publicUrl":"np://user.desktop.nicepage.com/Site_13510641/images/149642.png","size":2673,"hash":"RLcreG97iyVm+fS9ELm9ufBaTlw=","fileName":"149642.png","name":"149642","width":128,"height":128,"thumbnail":{"url":"np://user.desktop.nicepage.com/Site_13510641/images/thumbnails/149642.png","width":128,"height":128,"length":2673,"type":"png"},"folderId":null,"usages":["1736419878"]},{"id":"user-image-149799.png","publicUrl":"np://user.desktop.nicepage.com/Site_13510641/images/149799.png","size":2970,"hash":"70Zi6CC27Ikrwsx+++AD938WHdk=","fileName":"149799.png","name":"149799","width":128,"height":128,"thumbnail":{"url":"np://user.desktop.nicepage.com/Site_13510641/images/thumbnails/149799.png","width":128,"height":128,"length":2970,"type":"png"},"folderId":null,"usages":["1736419878"]},{"id":"user-image-149722.png","publicUrl":"np://user.desktop.nicepage.com/Site_13510641/images/149722.png","size":2499,"hash":"HrXCjLaMalGSqR7Q2EzhTWp+dYI=","fileName":"149722.png","name":"149722","width":128,"height":128,"thumbnail":{"url":"np://user.desktop.nicepage.com/Site_13510641/images/thumbnails/149722.png","width":128,"height":128,"length":2499,"type":"png"},"folderId":null,"usages":["1736419878"]},{"id":"user-image-IMG_3857.JPG","publicUrl":"np://user.desktop.nicepage.com/Site_13510641/images/IMG_3857.JPG","size":309312,"hash":"2KaXeH/pf1gK76K7gvgs3NlrqoM=","fileName":"IMG_3857.JPG","name":"IMG_3857","width":1000,"height":1207,"thumbnail":{"url":"np://user.desktop.nicepage.com/Site_13510641/images/thumbnails/IMG_3857.JPG","width":207,"height":250},"folderId":null,"usages":["1736419878"]},{"id":"user-image-img-05.png","publicUrl":"np://user.desktop.nicepage.com/Site_13510641/images/img-05.png","size":18106,"hash":"v9PH9vyIdB/FKoTtjy2xeP9Dc1Q=","fileName":"img-05.png","name":"img-05","width":1141,"height":375,"thumbnail":{"url":"np://user.desktop.nicepage.com/Site_13510641/images/thumbnails/img-05.png","width":250,"height":82},"folderId":null,"usages":["23600887"]},{"id":"user-image-img-04.png","publicUrl":"np://user.desktop.nicepage.com/Site_13510641/images/img-04.png","size":53879,"hash":"p1On6bww3low7N/Jcomcv8OCtGg=","fileName":"img-04.png","name":"img-04","width":1141,"height":375,"thumbnail":{"url":"np://user.desktop.nicepage.com/Site_13510641/images/thumbnails/img-04.png","width":250,"height":82},"folderId":null,"usages":["23600887"]},{"id":"user-image-img-03.png","publicUrl":"np://user.desktop.nicepage.com/Site_13510641/images/img-03.png","size":164557,"hash":"QArVaYPORxJJie4565AZjlBTGOA=","fileName":"img-03.png","name":"img-03","width":1141,"height":375,"thumbnail":{"url":"np://user.desktop.nicepage.com/Site_13510641/images/thumbnails/img-03.png","width":250,"height":82},"folderId":null,"usages":["23600887"]},{"id":"user-image-img-021.png","publicUrl":"np://user.desktop.nicepage.com/Site_13510641/images/img-021.png","size":59070,"hash":"UIlJjjtUa9ZOtfjrdXv4fXUKH58=","fileName":"img-021.png","name":"img-021","width":1141,"height":375,"thumbnail":{"url":"np://user.desktop.nicepage.com/Site_13510641/images/thumbnails/img-021.png","width":250,"height":82},"folderId":null,"usages":["23600887"]},{"id":"user-image-img-01.png","publicUrl":"np://user.desktop.nicepage.com/Site_13510641/images/img-01.png","size":445710,"hash":"14B5rN7WYXsXDZtIHozLZEye/bk=","fileName":"img-01.png","name":"img-01","width":1141,"height":375,"thumbnail":{"url":"np://user.desktop.nicepage.com/Site_13510641/images/thumbnails/img-01.png","width":250,"height":82},"folderId":null,"usages":["23600887"]}]