[{"id":444523786,"title":"Blog Template","order":1,"templateKey":"blog","customTemplate":false,"customTemplateFilename":null,"pageLinks":[],"dateCreated":"2024-12-30T12:00:49.179Z","dateUpdated":"2024-12-30T12:00:50.209Z","folderId":null,"pageName":"Blog Template","serverPageId":null,"sectionCount":1,"status":2,"backwardUrl":null},{"id":814828949,"title":"Post Template","order":2,"templateKey":"post","customTemplate":false,"customTemplateFilename":null,"pageLinks":[],"dateCreated":"2024-12-30T12:00:49.244Z","dateUpdated":"2024-12-30T12:37:22.536Z","folderId":null,"pageName":"Post Template","serverPageId":null,"sectionCount":1,"status":2,"backwardUrl":null},{"id":2939823764,"title":"Product List Template","order":3,"templateKey":"products","customTemplate":false,"customTemplateFilename":null,"pageLinks":[],"dateCreated":"2024-12-30T12:00:49.313Z","dateUpdated":"2024-12-30T12:00:50.209Z","folderId":null,"pageName":"Product List Template","serverPageId":null,"sectionCount":1,"status":2,"backwardUrl":null},{"id":676324444,"title":"Product Details Template","order":4,"templateKey":"product","customTemplate":false,"customTemplateFilename":null,"pageLinks":[],"dateCreated":"2024-12-30T12:00:49.420Z","dateUpdated":"2024-12-30T12:00:50.210Z","folderId":null,"pageName":"Product Details Template","serverPageId":null,"sectionCount":1,"status":2,"backwardUrl":null},{"id":711715293,"title":"Shopping Cart Template","order":5,"templateKey":"cart","customTemplate":false,"customTemplateFilename":null,"pageLinks":[],"dateCreated":"2024-12-30T12:00:49.607Z","dateUpdated":"2024-12-30T12:00:50.210Z","folderId":null,"pageName":"Shopping Cart Template","serverPageId":null,"sectionCount":1,"status":2,"backwardUrl":null},{"id":1893273,"title":"Checkout Template","order":6,"templateKey":"checkout","customTemplate":false,"customTemplateFilename":null,"pageLinks":[],"dateCreated":"2024-12-30T12:00:49.711Z","dateUpdated":"2024-12-30T12:00:50.210Z","folderId":null,"pageName":"Checkout Template","serverPageId":null,"sectionCount":1,"status":2,"backwardUrl":null},{"id":65987634,"title":"Login Template","order":7,"templateKey":"login","customTemplate":false,"customTemplateFilename":null,"pageLinks":[],"dateCreated":"2024-12-30T12:00:49.771Z","dateUpdated":"2024-12-30T12:00:50.210Z","folderId":null,"pageName":"Login Template","serverPageId":null,"sectionCount":1,"status":2,"backwardUrl":null},{"id":291516847,"title":"Search Page Template","order":8,"templateKey":"Search","customTemplate":false,"customTemplateFilename":null,"pageLinks":[],"dateCreated":"2024-12-30T12:00:49.814Z","dateUpdated":"2024-12-30T12:00:50.210Z","folderId":null,"pageName":"Search Page Template","serverPageId":null,"sectionCount":1,"status":2,"backwardUrl":null},{"id":327617625,"title":"Page Password Template","order":9,"templateKey":"password","customTemplate":false,"customTemplateFilename":null,"pageLinks":[],"dateCreated":"2024-12-30T12:00:49.863Z","dateUpdated":"2024-12-30T12:00:50.210Z","folderId":null,"pageName":"Page Password Template","serverPageId":null,"sectionCount":1,"status":2,"backwardUrl":null},{"id":600618621,"title":"404 Not Found Template","order":10,"templateKey":"404","customTemplate":false,"customTemplateFilename":null,"pageLinks":[],"dateCreated":"2024-12-30T12:00:49.903Z","dateUpdated":"2024-12-30T12:00:50.210Z","folderId":null,"pageName":"404 Not Found Template","serverPageId":null,"sectionCount":1,"status":2,"backwardUrl":null},{"id":1578203870,"title":"Thank You Page Template","order":11,"templateKey":"ThankYou","customTemplate":false,"customTemplateFilename":null,"pageLinks":[],"dateCreated":"2024-12-30T12:00:49.937Z","dateUpdated":"2024-12-30T12:00:50.210Z","folderId":null,"pageName":"Thank You Page Template","serverPageId":null,"sectionCount":1,"status":2,"backwardUrl":null},{"id":23600887,"title":"Home","order":100,"templateKey":null,"customTemplate":false,"customTemplateFilename":null,"pageLinks":["23600887"],"dateCreated":"2024-12-30T12:00:49.963Z","dateUpdated":"2024-12-31T04:29:38.129Z","folderId":null,"pageName":"Home_23600887","serverPageId":null,"sectionCount":1,"status":2,"backwardUrl":null},{"id":1736419878,"title":"about","order":101,"templateKey":null,"customTemplate":false,"customTemplateFilename":null,"pageLinks":["23600887","1736419878"],"dateCreated":"2024-12-30T12:08:54.423Z","dateUpdated":"2024-12-31T04:30:04.600Z","folderId":null,"pageName":"about_1736419878","serverPageId":null,"sectionCount":4,"status":2,"backwardUrl":null},{"id":30767231,"title":"illustration","order":102,"templateKey":null,"customTemplate":false,"customTemplateFilename":null,"pageLinks":["23600887","30767231"],"dateCreated":"2024-12-30T12:11:41.921Z","dateUpdated":"2024-12-31T12:11:14.181Z","folderId":null,"pageName":"illustration_30767231","serverPageId":null,"sectionCount":15,"status":2,"backwardUrl":null},{"id":385507730,"title":"graphic design","order":103,"templateKey":null,"customTemplate":false,"customTemplateFilename":null,"pageLinks":["23600887","385507730"],"dateCreated":"2024-12-30T12:11:41.921Z","dateUpdated":"2025-01-02T12:19:48.631Z","folderId":null,"pageName":"graphic design_385507730","serverPageId":null,"sectionCount":6,"status":2,"backwardUrl":null},{"id":84850308,"title":"contact","order":104,"templateKey":null,"customTemplate":false,"customTemplateFilename":null,"pageLinks":["23600887"],"dateCreated":"2024-12-30T12:14:10.589Z","dateUpdated":"2024-12-31T04:30:22.775Z","folderId":null,"pageName":"contact_84850308","serverPageId":null,"sectionCount":5,"status":2,"backwardUrl":null}]